{"cameraMode":{"drawMode":0,"name":"Shaded","section":"Shading Mode"},"sceneLighting":true,"audioPlay":false,"sceneViewState":{"showFog":true,"showMaterialUpdate":false,"showSkybox":true,"showFlares":true,"showImageEffects":true,"showParticleSystems":true},"in2DMode":false,"pivot":{"x":245.2740478515625,"y":276.0003967285156,"z":-515.3563232421875},"rotation":{"x":0.03549325838685036,"y":-0.10265585035085678,"z":-0.003665384603664279,"w":-0.9940767288208008},"size":10.0,"orthographic":false}