{"cameraMode":{"drawMode":0,"name":"Shaded","section":"Shading Mode"},"sceneLighting":true,"audioPlay":false,"sceneViewState":{"showFog":true,"showMaterialUpdate":false,"showSkybox":true,"showFlares":true,"showImageEffects":true,"showParticleSystems":true},"in2DMode":false,"pivot":{"x":-12.804872512817383,"y":-9.551886558532715,"z":6.890627861022949},"rotation":{"x":0.252198189496994,"y":-0.49804922938346865,"z":0.15407311916351319,"w":0.8152328133583069},"size":28.506195068359376,"orthographic":false}