{"cameraMode":{"drawMode":0,"name":"Shaded","section":"Shading Mode"},"sceneLighting":false,"audioPlay":false,"sceneViewState":{"showFog":true,"showMaterialUpdate":false,"showSkybox":true,"showFlares":true,"showImageEffects":true,"showParticleSystems":true},"in2DMode":false,"pivot":{"x":-2.682209014892578e-7,"y":0.0,"z":2.980232238769531e-7},"rotation":{"x":-0.15527144074440003,"y":-0.20234623551368714,"z":0.03251156955957413,"w":-0.9663797616958618},"size":0.8311015963554382,"orthographic":false}