{"cameraMode":{"drawMode":0,"name":"Shaded","section":"Shading Mode"},"sceneLighting":false,"audioPlay":false,"sceneViewState":{"showFog":true,"showMaterialUpdate":false,"showSkybox":true,"showFlares":true,"showImageEffects":true,"showParticleSystems":true},"in2DMode":false,"pivot":{"x":1.3377000093460084,"y":-0.3480182886123657,"z":0.07430002093315125},"rotation":{"x":-0.4574424624443054,"y":0.538348376750946,"z":-0.452536016702652,"w":-0.5441861748695374},"size":1.710268497467041,"orthographic":false}