{"cameraMode":{"drawMode":0,"name":"Shaded","section":"Shading Mode"},"sceneLighting":false,"audioPlay":false,"sceneViewState":{"showFog":true,"showMaterialUpdate":false,"showSkybox":true,"showFlares":true,"showImageEffects":true,"showParticleSystems":true},"in2DMode":false,"pivot":{"x":-1.9198013544082642,"y":2.459074020385742,"z":-2.367119312286377},"rotation":{"x":-0.2554468810558319,"y":0.004927319474518299,"z":-0.0013021676568314434,"w":-0.9668096899986267},"size":13.095157623291016,"orthographic":false}