{"cameraMode":{"drawMode":0,"name":"Shaded","section":"Shading Mode"},"sceneLighting":false,"audioPlay":false,"sceneViewState":{"showFog":true,"showMaterialUpdate":false,"showSkybox":true,"showFlares":true,"showImageEffects":true,"showParticleSystems":true},"in2DMode":false,"pivot":{"x":-8.962868690490723,"y":-3.8641042709350588,"z":-2.8746426105499269},"rotation":{"x":0.26258137822151186,"y":-0.3760395050048828,"z":0.11201063543558121,"w":0.8815321922302246},"size":1.1031105518341065,"orthographic":false}