{"cameraMode":{"drawMode":0,"name":"Shaded","section":"Shading Mode"},"sceneLighting":true,"audioPlay":false,"sceneViewState":{"showFog":true,"showMaterialUpdate":false,"showSkybox":true,"showFlares":true,"showImageEffects":true,"showParticleSystems":true},"in2DMode":false,"pivot":{"x":35.85009765625,"y":36.472713470458987,"z":41.44933319091797},"rotation":{"x":0.13537995517253877,"y":0.10145075619220734,"z":-0.013938458636403084,"w":0.9854875802993774},"size":152.6580352783203,"orthographic":false}