{"cameraMode":{"drawMode":0,"name":"Shaded","section":"Shading Mode"},"sceneLighting":false,"audioPlay":false,"sceneViewState":{"showFog":true,"showMaterialUpdate":false,"showSkybox":true,"showFlares":true,"showImageEffects":true,"showParticleSystems":true},"in2DMode":false,"pivot":{"x":-0.7353410720825195,"y":3.9786264896392824,"z":-2.2363884449005129},"rotation":{"x":-0.26269304752349856,"y":-0.0008712720591574907,"z":0.00023693949333392084,"w":-0.964879035949707},"size":21.377397537231447,"orthographic":false}