{"cameraMode":{"drawMode":0,"name":"Shaded","section":"Shading Mode"},"sceneLighting":false,"audioPlay":false,"sceneViewState":{"showFog":true,"showMaterialUpdate":false,"showSkybox":true,"showFlares":true,"showImageEffects":true,"showParticleSystems":true},"in2DMode":false,"pivot":{"x":-1.9198012351989747,"y":1.9784168004989625,"z":-2.325854778289795},"rotation":{"x":-0.2619237005710602,"y":0.25170791149139407,"z":-0.070968396961689,"w":-0.9289793968200684},"size":5.892237186431885,"orthographic":false}