{"cameraMode":{"drawMode":0,"name":"Shaded","section":"Shading Mode"},"sceneLighting":true,"audioPlay":false,"sceneViewState":{"showFog":true,"showMaterialUpdate":false,"showSkybox":true,"showFlares":true,"showImageEffects":true,"showParticleSystems":true},"in2DMode":false,"pivot":{"x":1.5735998153686524,"y":0.808539867401123,"z":1.6171963214874268},"rotation":{"x":-0.35223135352134707,"y":0.23280157148838044,"z":-0.090916208922863,"w":-0.9019261598587036},"size":8.248147964477539,"orthographic":false}